Model,Accuracy,F1-Score,ROC-AUC,Precision,Recall
LightGBM,0.7003512933984215,0.6376875551632833,0.784915014971981,0.5178747424065944,0.8296253767762308
XGBoost,0.7027236644007482,0.631947582467239,0.7830621550513722,0.5210021421253609,0.8029280895650925
Random Forest,0.6932798029107168,0.6038536326674916,0.761111865322748,0.5121951219512195,0.7354672025261949
Logistic Regression,0.6448286874401205,0.5129199774760683,0.6712128685003821,0.45463620230700974,0.5883450552605138
